1570,전진부대,제1보병사단,1사단
5861,율곡부대,제22보병사단,22사단
1691
3182,백마부대,제9보병사단,9사단
8623,상무대
7296,비룡부대,제25보병사단,25사단
1862,을지부대,제12보병사단,12사단
2171,제52군수지원단
7021,맹호부대,수도기계화보병사단,수기사
9030,자운대,다기능수송대대
ATC,atc,Atc,육훈소,육군훈련소,육군 훈련소
5397,화랑부대,제11기계화보병사단,11사단
3296
8902,쌍용부대,제2군단
2621,칠성부대,제7보병사단,7사단
3389,특전사,특수전사령부
5021
6176,승진부대,제5군단,5군단
3007,청성부대,제6보병사단,6사단
5322,제1급양대,제5322부대
5067,전승부대,제51보병사단,51사단
7162,백두산부대,제21보병사단,21사단
1575,무적태풍부대,제28보병사단,28사단
6335,오성부대,제5군수지원사령부
7369,제5급양대
2136,열쇠부대,제5보병사단,5사단
1968,백골부대,제3보병사단,3사단
6685,승리부대,제15보병사단,15사단
2291,번개부대,제17보병사단,17사단
7652
7461,탄약보급소
STANDARD
